[
{
    "model": "auth.permission",
    "pk": 1,
    "fields": {
        "name": "Can add log entry",
        "content_type": 1,
        "codename": "add_logentry"
    }
},
{
    "model": "auth.permission",
    "pk": 2,
    "fields": {
        "name": "Can change log entry",
        "content_type": 1,
        "codename": "change_logentry"
    }
},
{
    "model": "auth.permission",
    "pk": 3,
    "fields": {
        "name": "Can delete log entry",
        "content_type": 1,
        "codename": "delete_logentry"
    }
},
{
    "model": "auth.permission",
    "pk": 4,
    "fields": {
        "name": "Can view log entry",
        "content_type": 1,
        "codename": "view_logentry"
    }
},
{
    "model": "auth.permission",
    "pk": 5,
    "fields": {
        "name": "Can add permission",
        "content_type": 2,
        "codename": "add_permission"
    }
},
{
    "model": "auth.permission",
    "pk": 6,
    "fields": {
        "name": "Can change permission",
        "content_type": 2,
        "codename": "change_permission"
    }
},
{
    "model": "auth.permission",
    "pk": 7,
    "fields": {
        "name": "Can delete permission",
        "content_type": 2,
        "codename": "delete_permission"
    }
},
{
    "model": "auth.permission",
    "pk": 8,
    "fields": {
        "name": "Can view permission",
        "content_type": 2,
        "codename": "view_permission"
    }
},
{
    "model": "auth.permission",
    "pk": 9,
    "fields": {
        "name": "Can add group",
        "content_type": 3,
        "codename": "add_group"
    }
},
{
    "model": "auth.permission",
    "pk": 10,
    "fields": {
        "name": "Can change group",
        "content_type": 3,
        "codename": "change_group"
    }
},
{
    "model": "auth.permission",
    "pk": 11,
    "fields": {
        "name": "Can delete group",
        "content_type": 3,
        "codename": "delete_group"
    }
},
{
    "model": "auth.permission",
    "pk": 12,
    "fields": {
        "name": "Can view group",
        "content_type": 3,
        "codename": "view_group"
    }
},
{
    "model": "auth.permission",
    "pk": 13,
    "fields": {
        "name": "Can add content type",
        "content_type": 4,
        "codename": "add_contenttype"
    }
},
{
    "model": "auth.permission",
    "pk": 14,
    "fields": {
        "name": "Can change content type",
        "content_type": 4,
        "codename": "change_contenttype"
    }
},
{
    "model": "auth.permission",
    "pk": 15,
    "fields": {
        "name": "Can delete content type",
        "content_type": 4,
        "codename": "delete_contenttype"
    }
},
{
    "model": "auth.permission",
    "pk": 16,
    "fields": {
        "name": "Can view content type",
        "content_type": 4,
        "codename": "view_contenttype"
    }
},
{
    "model": "auth.permission",
    "pk": 17,
    "fields": {
        "name": "Can add session",
        "content_type": 5,
        "codename": "add_session"
    }
},
{
    "model": "auth.permission",
    "pk": 18,
    "fields": {
        "name": "Can change session",
        "content_type": 5,
        "codename": "change_session"
    }
},
{
    "model": "auth.permission",
    "pk": 19,
    "fields": {
        "name": "Can delete session",
        "content_type": 5,
        "codename": "delete_session"
    }
},
{
    "model": "auth.permission",
    "pk": 20,
    "fields": {
        "name": "Can view session",
        "content_type": 5,
        "codename": "view_session"
    }
},
{
    "model": "auth.permission",
    "pk": 21,
    "fields": {
        "name": "Can add site",
        "content_type": 6,
        "codename": "add_site"
    }
},
{
    "model": "auth.permission",
    "pk": 22,
    "fields": {
        "name": "Can change site",
        "content_type": 6,
        "codename": "change_site"
    }
},
{
    "model": "auth.permission",
    "pk": 23,
    "fields": {
        "name": "Can delete site",
        "content_type": 6,
        "codename": "delete_site"
    }
},
{
    "model": "auth.permission",
    "pk": 24,
    "fields": {
        "name": "Can view site",
        "content_type": 6,
        "codename": "view_site"
    }
},
{
    "model": "auth.permission",
    "pk": 25,
    "fields": {
        "name": "Can add FCM device",
        "content_type": 7,
        "codename": "add_fcmdevice"
    }
},
{
    "model": "auth.permission",
    "pk": 26,
    "fields": {
        "name": "Can change FCM device",
        "content_type": 7,
        "codename": "change_fcmdevice"
    }
},
{
    "model": "auth.permission",
    "pk": 27,
    "fields": {
        "name": "Can delete FCM device",
        "content_type": 7,
        "codename": "delete_fcmdevice"
    }
},
{
    "model": "auth.permission",
    "pk": 28,
    "fields": {
        "name": "Can view FCM device",
        "content_type": 7,
        "codename": "view_fcmdevice"
    }
},
{
    "model": "auth.permission",
    "pk": 29,
    "fields": {
        "name": "Can add Token",
        "content_type": 8,
        "codename": "add_token"
    }
},
{
    "model": "auth.permission",
    "pk": 30,
    "fields": {
        "name": "Can change Token",
        "content_type": 8,
        "codename": "change_token"
    }
},
{
    "model": "auth.permission",
    "pk": 31,
    "fields": {
        "name": "Can delete Token",
        "content_type": 8,
        "codename": "delete_token"
    }
},
{
    "model": "auth.permission",
    "pk": 32,
    "fields": {
        "name": "Can view Token",
        "content_type": 8,
        "codename": "view_token"
    }
},
{
    "model": "auth.permission",
    "pk": 33,
    "fields": {
        "name": "Can add token",
        "content_type": 9,
        "codename": "add_tokenproxy"
    }
},
{
    "model": "auth.permission",
    "pk": 34,
    "fields": {
        "name": "Can change token",
        "content_type": 9,
        "codename": "change_tokenproxy"
    }
},
{
    "model": "auth.permission",
    "pk": 35,
    "fields": {
        "name": "Can delete token",
        "content_type": 9,
        "codename": "delete_tokenproxy"
    }
},
{
    "model": "auth.permission",
    "pk": 36,
    "fields": {
        "name": "Can view token",
        "content_type": 9,
        "codename": "view_tokenproxy"
    }
},
{
    "model": "auth.permission",
    "pk": 37,
    "fields": {
        "name": "Can add application",
        "content_type": 10,
        "codename": "add_application"
    }
},
{
    "model": "auth.permission",
    "pk": 38,
    "fields": {
        "name": "Can change application",
        "content_type": 10,
        "codename": "change_application"
    }
},
{
    "model": "auth.permission",
    "pk": 39,
    "fields": {
        "name": "Can delete application",
        "content_type": 10,
        "codename": "delete_application"
    }
},
{
    "model": "auth.permission",
    "pk": 40,
    "fields": {
        "name": "Can view application",
        "content_type": 10,
        "codename": "view_application"
    }
},
{
    "model": "auth.permission",
    "pk": 41,
    "fields": {
        "name": "Can add access token",
        "content_type": 11,
        "codename": "add_accesstoken"
    }
},
{
    "model": "auth.permission",
    "pk": 42,
    "fields": {
        "name": "Can change access token",
        "content_type": 11,
        "codename": "change_accesstoken"
    }
},
{
    "model": "auth.permission",
    "pk": 43,
    "fields": {
        "name": "Can delete access token",
        "content_type": 11,
        "codename": "delete_accesstoken"
    }
},
{
    "model": "auth.permission",
    "pk": 44,
    "fields": {
        "name": "Can view access token",
        "content_type": 11,
        "codename": "view_accesstoken"
    }
},
{
    "model": "auth.permission",
    "pk": 45,
    "fields": {
        "name": "Can add grant",
        "content_type": 12,
        "codename": "add_grant"
    }
},
{
    "model": "auth.permission",
    "pk": 46,
    "fields": {
        "name": "Can change grant",
        "content_type": 12,
        "codename": "change_grant"
    }
},
{
    "model": "auth.permission",
    "pk": 47,
    "fields": {
        "name": "Can delete grant",
        "content_type": 12,
        "codename": "delete_grant"
    }
},
{
    "model": "auth.permission",
    "pk": 48,
    "fields": {
        "name": "Can view grant",
        "content_type": 12,
        "codename": "view_grant"
    }
},
{
    "model": "auth.permission",
    "pk": 49,
    "fields": {
        "name": "Can add refresh token",
        "content_type": 13,
        "codename": "add_refreshtoken"
    }
},
{
    "model": "auth.permission",
    "pk": 50,
    "fields": {
        "name": "Can change refresh token",
        "content_type": 13,
        "codename": "change_refreshtoken"
    }
},
{
    "model": "auth.permission",
    "pk": 51,
    "fields": {
        "name": "Can delete refresh token",
        "content_type": 13,
        "codename": "delete_refreshtoken"
    }
},
{
    "model": "auth.permission",
    "pk": 52,
    "fields": {
        "name": "Can view refresh token",
        "content_type": 13,
        "codename": "view_refreshtoken"
    }
},
{
    "model": "auth.permission",
    "pk": 53,
    "fields": {
        "name": "Can add id token",
        "content_type": 14,
        "codename": "add_idtoken"
    }
},
{
    "model": "auth.permission",
    "pk": 54,
    "fields": {
        "name": "Can change id token",
        "content_type": 14,
        "codename": "change_idtoken"
    }
},
{
    "model": "auth.permission",
    "pk": 55,
    "fields": {
        "name": "Can delete id token",
        "content_type": 14,
        "codename": "delete_idtoken"
    }
},
{
    "model": "auth.permission",
    "pk": 56,
    "fields": {
        "name": "Can view id token",
        "content_type": 14,
        "codename": "view_idtoken"
    }
},
{
    "model": "auth.permission",
    "pk": 57,
    "fields": {
        "name": "Can add association",
        "content_type": 15,
        "codename": "add_association"
    }
},
{
    "model": "auth.permission",
    "pk": 58,
    "fields": {
        "name": "Can change association",
        "content_type": 15,
        "codename": "change_association"
    }
},
{
    "model": "auth.permission",
    "pk": 59,
    "fields": {
        "name": "Can delete association",
        "content_type": 15,
        "codename": "delete_association"
    }
},
{
    "model": "auth.permission",
    "pk": 60,
    "fields": {
        "name": "Can view association",
        "content_type": 15,
        "codename": "view_association"
    }
},
{
    "model": "auth.permission",
    "pk": 61,
    "fields": {
        "name": "Can add code",
        "content_type": 16,
        "codename": "add_code"
    }
},
{
    "model": "auth.permission",
    "pk": 62,
    "fields": {
        "name": "Can change code",
        "content_type": 16,
        "codename": "change_code"
    }
},
{
    "model": "auth.permission",
    "pk": 63,
    "fields": {
        "name": "Can delete code",
        "content_type": 16,
        "codename": "delete_code"
    }
},
{
    "model": "auth.permission",
    "pk": 64,
    "fields": {
        "name": "Can view code",
        "content_type": 16,
        "codename": "view_code"
    }
},
{
    "model": "auth.permission",
    "pk": 65,
    "fields": {
        "name": "Can add nonce",
        "content_type": 17,
        "codename": "add_nonce"
    }
},
{
    "model": "auth.permission",
    "pk": 66,
    "fields": {
        "name": "Can change nonce",
        "content_type": 17,
        "codename": "change_nonce"
    }
},
{
    "model": "auth.permission",
    "pk": 67,
    "fields": {
        "name": "Can delete nonce",
        "content_type": 17,
        "codename": "delete_nonce"
    }
},
{
    "model": "auth.permission",
    "pk": 68,
    "fields": {
        "name": "Can view nonce",
        "content_type": 17,
        "codename": "view_nonce"
    }
},
{
    "model": "auth.permission",
    "pk": 69,
    "fields": {
        "name": "Can add user social auth",
        "content_type": 18,
        "codename": "add_usersocialauth"
    }
},
{
    "model": "auth.permission",
    "pk": 70,
    "fields": {
        "name": "Can change user social auth",
        "content_type": 18,
        "codename": "change_usersocialauth"
    }
},
{
    "model": "auth.permission",
    "pk": 71,
    "fields": {
        "name": "Can delete user social auth",
        "content_type": 18,
        "codename": "delete_usersocialauth"
    }
},
{
    "model": "auth.permission",
    "pk": 72,
    "fields": {
        "name": "Can view user social auth",
        "content_type": 18,
        "codename": "view_usersocialauth"
    }
},
{
    "model": "auth.permission",
    "pk": 73,
    "fields": {
        "name": "Can add partial",
        "content_type": 19,
        "codename": "add_partial"
    }
},
{
    "model": "auth.permission",
    "pk": 74,
    "fields": {
        "name": "Can change partial",
        "content_type": 19,
        "codename": "change_partial"
    }
},
{
    "model": "auth.permission",
    "pk": 75,
    "fields": {
        "name": "Can delete partial",
        "content_type": 19,
        "codename": "delete_partial"
    }
},
{
    "model": "auth.permission",
    "pk": 76,
    "fields": {
        "name": "Can view partial",
        "content_type": 19,
        "codename": "view_partial"
    }
},
{
    "model": "auth.permission",
    "pk": 77,
    "fields": {
        "name": "Can add Структура страниц",
        "content_type": 20,
        "codename": "add_basepage"
    }
},
{
    "model": "auth.permission",
    "pk": 78,
    "fields": {
        "name": "Can change Структура страниц",
        "content_type": 20,
        "codename": "change_basepage"
    }
},
{
    "model": "auth.permission",
    "pk": 79,
    "fields": {
        "name": "Can delete Структура страниц",
        "content_type": 20,
        "codename": "delete_basepage"
    }
},
{
    "model": "auth.permission",
    "pk": 80,
    "fields": {
        "name": "Can view Структура страниц",
        "content_type": 20,
        "codename": "view_basepage"
    }
},
{
    "model": "auth.permission",
    "pk": 81,
    "fields": {
        "name": "Can add Пункт меню",
        "content_type": 21,
        "codename": "add_menuitem"
    }
},
{
    "model": "auth.permission",
    "pk": 82,
    "fields": {
        "name": "Can change Пункт меню",
        "content_type": 21,
        "codename": "change_menuitem"
    }
},
{
    "model": "auth.permission",
    "pk": 83,
    "fields": {
        "name": "Can delete Пункт меню",
        "content_type": 21,
        "codename": "delete_menuitem"
    }
},
{
    "model": "auth.permission",
    "pk": 84,
    "fields": {
        "name": "Can view Пункт меню",
        "content_type": 21,
        "codename": "view_menuitem"
    }
},
{
    "model": "auth.permission",
    "pk": 85,
    "fields": {
        "name": "Can add Уведомление",
        "content_type": 22,
        "codename": "add_notify"
    }
},
{
    "model": "auth.permission",
    "pk": 86,
    "fields": {
        "name": "Can change Уведомление",
        "content_type": 22,
        "codename": "change_notify"
    }
},
{
    "model": "auth.permission",
    "pk": 87,
    "fields": {
        "name": "Can delete Уведомление",
        "content_type": 22,
        "codename": "delete_notify"
    }
},
{
    "model": "auth.permission",
    "pk": 88,
    "fields": {
        "name": "Can view Уведомление",
        "content_type": 22,
        "codename": "view_notify"
    }
},
{
    "model": "auth.permission",
    "pk": 89,
    "fields": {
        "name": "Can add Категория",
        "content_type": 23,
        "codename": "add_notifycategory"
    }
},
{
    "model": "auth.permission",
    "pk": 90,
    "fields": {
        "name": "Can change Категория",
        "content_type": 23,
        "codename": "change_notifycategory"
    }
},
{
    "model": "auth.permission",
    "pk": 91,
    "fields": {
        "name": "Can delete Категория",
        "content_type": 23,
        "codename": "delete_notifycategory"
    }
},
{
    "model": "auth.permission",
    "pk": 92,
    "fields": {
        "name": "Can view Категория",
        "content_type": 23,
        "codename": "view_notifycategory"
    }
},
{
    "model": "auth.permission",
    "pk": 93,
    "fields": {
        "name": "Can add Настройка",
        "content_type": 24,
        "codename": "add_notifyconfig"
    }
},
{
    "model": "auth.permission",
    "pk": 94,
    "fields": {
        "name": "Can change Настройка",
        "content_type": 24,
        "codename": "change_notifyconfig"
    }
},
{
    "model": "auth.permission",
    "pk": 95,
    "fields": {
        "name": "Can delete Настройка",
        "content_type": 24,
        "codename": "delete_notifyconfig"
    }
},
{
    "model": "auth.permission",
    "pk": 96,
    "fields": {
        "name": "Can view Настройка",
        "content_type": 24,
        "codename": "view_notifyconfig"
    }
},
{
    "model": "auth.permission",
    "pk": 97,
    "fields": {
        "name": "Can add Ошибка отправки уведомления",
        "content_type": 25,
        "codename": "add_notifyerrorlog"
    }
},
{
    "model": "auth.permission",
    "pk": 98,
    "fields": {
        "name": "Can change Ошибка отправки уведомления",
        "content_type": 25,
        "codename": "change_notifyerrorlog"
    }
},
{
    "model": "auth.permission",
    "pk": 99,
    "fields": {
        "name": "Can delete Ошибка отправки уведомления",
        "content_type": 25,
        "codename": "delete_notifyerrorlog"
    }
},
{
    "model": "auth.permission",
    "pk": 100,
    "fields": {
        "name": "Can view Ошибка отправки уведомления",
        "content_type": 25,
        "codename": "view_notifyerrorlog"
    }
},
{
    "model": "auth.permission",
    "pk": 101,
    "fields": {
        "name": "Can add Файл",
        "content_type": 26,
        "codename": "add_notifyfile"
    }
},
{
    "model": "auth.permission",
    "pk": 102,
    "fields": {
        "name": "Can change Файл",
        "content_type": 26,
        "codename": "change_notifyfile"
    }
},
{
    "model": "auth.permission",
    "pk": 103,
    "fields": {
        "name": "Can delete Файл",
        "content_type": 26,
        "codename": "delete_notifyfile"
    }
},
{
    "model": "auth.permission",
    "pk": 104,
    "fields": {
        "name": "Can view Файл",
        "content_type": 26,
        "codename": "view_notifyfile"
    }
},
{
    "model": "auth.permission",
    "pk": 105,
    "fields": {
        "name": "Can add Шаблон",
        "content_type": 27,
        "codename": "add_notifytemplate"
    }
},
{
    "model": "auth.permission",
    "pk": 106,
    "fields": {
        "name": "Can change Шаблон",
        "content_type": 27,
        "codename": "change_notifytemplate"
    }
},
{
    "model": "auth.permission",
    "pk": 107,
    "fields": {
        "name": "Can delete Шаблон",
        "content_type": 27,
        "codename": "delete_notifytemplate"
    }
},
{
    "model": "auth.permission",
    "pk": 108,
    "fields": {
        "name": "Can view Шаблон",
        "content_type": 27,
        "codename": "view_notifytemplate"
    }
},
{
    "model": "auth.permission",
    "pk": 109,
    "fields": {
        "name": "Can add Список пользователей для рассылки",
        "content_type": 28,
        "codename": "add_notifyuserlist"
    }
},
{
    "model": "auth.permission",
    "pk": 110,
    "fields": {
        "name": "Can change Список пользователей для рассылки",
        "content_type": 28,
        "codename": "change_notifyuserlist"
    }
},
{
    "model": "auth.permission",
    "pk": 111,
    "fields": {
        "name": "Can delete Список пользователей для рассылки",
        "content_type": 28,
        "codename": "delete_notifyuserlist"
    }
},
{
    "model": "auth.permission",
    "pk": 112,
    "fields": {
        "name": "Can view Список пользователей для рассылки",
        "content_type": 28,
        "codename": "view_notifyuserlist"
    }
},
{
    "model": "auth.permission",
    "pk": 113,
    "fields": {
        "name": "Can add Участник списка пользователей",
        "content_type": 29,
        "codename": "add_notifyuserlistparticipant"
    }
},
{
    "model": "auth.permission",
    "pk": 114,
    "fields": {
        "name": "Can change Участник списка пользователей",
        "content_type": 29,
        "codename": "change_notifyuserlistparticipant"
    }
},
{
    "model": "auth.permission",
    "pk": 115,
    "fields": {
        "name": "Can delete Участник списка пользователей",
        "content_type": 29,
        "codename": "delete_notifyuserlistparticipant"
    }
},
{
    "model": "auth.permission",
    "pk": 116,
    "fields": {
        "name": "Can view Участник списка пользователей",
        "content_type": 29,
        "codename": "view_notifyuserlistparticipant"
    }
},
{
    "model": "auth.permission",
    "pk": 117,
    "fields": {
        "name": "Can add FCM аккаунт",
        "content_type": 30,
        "codename": "add_notifydevice"
    }
},
{
    "model": "auth.permission",
    "pk": 118,
    "fields": {
        "name": "Can change FCM аккаунт",
        "content_type": 30,
        "codename": "change_notifydevice"
    }
},
{
    "model": "auth.permission",
    "pk": 119,
    "fields": {
        "name": "Can delete FCM аккаунт",
        "content_type": 30,
        "codename": "delete_notifydevice"
    }
},
{
    "model": "auth.permission",
    "pk": 120,
    "fields": {
        "name": "Can view FCM аккаунт",
        "content_type": 30,
        "codename": "view_notifydevice"
    }
},
{
    "model": "auth.permission",
    "pk": 121,
    "fields": {
        "name": "Can add SMTP аккаунт",
        "content_type": 31,
        "codename": "add_smtpaccount"
    }
},
{
    "model": "auth.permission",
    "pk": 122,
    "fields": {
        "name": "Can change SMTP аккаунт",
        "content_type": 31,
        "codename": "change_smtpaccount"
    }
},
{
    "model": "auth.permission",
    "pk": 123,
    "fields": {
        "name": "Can delete SMTP аккаунт",
        "content_type": 31,
        "codename": "delete_smtpaccount"
    }
},
{
    "model": "auth.permission",
    "pk": 124,
    "fields": {
        "name": "Can view SMTP аккаунт",
        "content_type": 31,
        "codename": "view_smtpaccount"
    }
},
{
    "model": "auth.permission",
    "pk": 125,
    "fields": {
        "name": "Can add Страница",
        "content_type": 32,
        "codename": "add_page"
    }
},
{
    "model": "auth.permission",
    "pk": 126,
    "fields": {
        "name": "Can change Страница",
        "content_type": 32,
        "codename": "change_page"
    }
},
{
    "model": "auth.permission",
    "pk": 127,
    "fields": {
        "name": "Can delete Страница",
        "content_type": 32,
        "codename": "delete_page"
    }
},
{
    "model": "auth.permission",
    "pk": 128,
    "fields": {
        "name": "Can view Страница",
        "content_type": 32,
        "codename": "view_page"
    }
},
{
    "model": "auth.permission",
    "pk": 129,
    "fields": {
        "name": "Can add Пользователь",
        "content_type": 33,
        "codename": "add_user"
    }
},
{
    "model": "auth.permission",
    "pk": 130,
    "fields": {
        "name": "Can change Пользователь",
        "content_type": 33,
        "codename": "change_user"
    }
},
{
    "model": "auth.permission",
    "pk": 131,
    "fields": {
        "name": "Can delete Пользователь",
        "content_type": 33,
        "codename": "delete_user"
    }
},
{
    "model": "auth.permission",
    "pk": 132,
    "fields": {
        "name": "Can view Пользователь",
        "content_type": 33,
        "codename": "view_user"
    }
},
{
    "model": "auth.permission",
    "pk": 133,
    "fields": {
        "name": "Can add Риг",
        "content_type": 34,
        "codename": "add_miner"
    }
},
{
    "model": "auth.permission",
    "pk": 134,
    "fields": {
        "name": "Can change Риг",
        "content_type": 34,
        "codename": "change_miner"
    }
},
{
    "model": "auth.permission",
    "pk": 135,
    "fields": {
        "name": "Can delete Риг",
        "content_type": 34,
        "codename": "delete_miner"
    }
},
{
    "model": "auth.permission",
    "pk": 136,
    "fields": {
        "name": "Can view Риг",
        "content_type": 34,
        "codename": "view_miner"
    }
},
{
    "model": "auth.permission",
    "pk": 137,
    "fields": {
        "name": "Can add Запись",
        "content_type": 35,
        "codename": "add_stats"
    }
},
{
    "model": "auth.permission",
    "pk": 138,
    "fields": {
        "name": "Can change Запись",
        "content_type": 35,
        "codename": "change_stats"
    }
},
{
    "model": "auth.permission",
    "pk": 139,
    "fields": {
        "name": "Can delete Запись",
        "content_type": 35,
        "codename": "delete_stats"
    }
},
{
    "model": "auth.permission",
    "pk": 140,
    "fields": {
        "name": "Can view Запись",
        "content_type": 35,
        "codename": "view_stats"
    }
},
{
    "model": "auth.permission",
    "pk": 141,
    "fields": {
        "name": "Can add Refresh Token",
        "content_type": 36,
        "codename": "add_refreshtoken"
    }
},
{
    "model": "auth.permission",
    "pk": 142,
    "fields": {
        "name": "Can change Refresh Token",
        "content_type": 36,
        "codename": "change_refreshtoken"
    }
},
{
    "model": "auth.permission",
    "pk": 143,
    "fields": {
        "name": "Can delete Refresh Token",
        "content_type": 36,
        "codename": "delete_refreshtoken"
    }
},
{
    "model": "auth.permission",
    "pk": 144,
    "fields": {
        "name": "Can view Refresh Token",
        "content_type": 36,
        "codename": "view_refreshtoken"
    }
},
{
    "model": "auth.permission",
    "pk": 145,
    "fields": {
        "name": "Can add Access Token",
        "content_type": 37,
        "codename": "add_accesstoken"
    }
},
{
    "model": "auth.permission",
    "pk": 146,
    "fields": {
        "name": "Can change Access Token",
        "content_type": 37,
        "codename": "change_accesstoken"
    }
},
{
    "model": "auth.permission",
    "pk": 147,
    "fields": {
        "name": "Can delete Access Token",
        "content_type": 37,
        "codename": "delete_accesstoken"
    }
},
{
    "model": "auth.permission",
    "pk": 148,
    "fields": {
        "name": "Can view Access Token",
        "content_type": 37,
        "codename": "view_accesstoken"
    }
},
{
    "model": "contenttypes.contenttype",
    "pk": 1,
    "fields": {
        "app_label": "admin",
        "model": "logentry"
    }
},
{
    "model": "contenttypes.contenttype",
    "pk": 2,
    "fields": {
        "app_label": "auth",
        "model": "permission"
    }
},
{
    "model": "contenttypes.contenttype",
    "pk": 3,
    "fields": {
        "app_label": "auth",
        "model": "group"
    }
},
{
    "model": "contenttypes.contenttype",
    "pk": 4,
    "fields": {
        "app_label": "contenttypes",
        "model": "contenttype"
    }
},
{
    "model": "contenttypes.contenttype",
    "pk": 5,
    "fields": {
        "app_label": "sessions",
        "model": "session"
    }
},
{
    "model": "contenttypes.contenttype",
    "pk": 6,
    "fields": {
        "app_label": "sites",
        "model": "site"
    }
},
{
    "model": "contenttypes.contenttype",
    "pk": 7,
    "fields": {
        "app_label": "fcm_django",
        "model": "fcmdevice"
    }
},
{
    "model": "contenttypes.contenttype",
    "pk": 8,
    "fields": {
        "app_label": "authtoken",
        "model": "token"
    }
},
{
    "model": "contenttypes.contenttype",
    "pk": 9,
    "fields": {
        "app_label": "authtoken",
        "model": "tokenproxy"
    }
},
{
    "model": "contenttypes.contenttype",
    "pk": 10,
    "fields": {
        "app_label": "oauth2_provider",
        "model": "application"
    }
},
{
    "model": "contenttypes.contenttype",
    "pk": 11,
    "fields": {
        "app_label": "oauth2_provider",
        "model": "accesstoken"
    }
},
{
    "model": "contenttypes.contenttype",
    "pk": 12,
    "fields": {
        "app_label": "oauth2_provider",
        "model": "grant"
    }
},
{
    "model": "contenttypes.contenttype",
    "pk": 13,
    "fields": {
        "app_label": "oauth2_provider",
        "model": "refreshtoken"
    }
},
{
    "model": "contenttypes.contenttype",
    "pk": 14,
    "fields": {
        "app_label": "oauth2_provider",
        "model": "idtoken"
    }
},
{
    "model": "contenttypes.contenttype",
    "pk": 15,
    "fields": {
        "app_label": "social_django",
        "model": "association"
    }
},
{
    "model": "contenttypes.contenttype",
    "pk": 16,
    "fields": {
        "app_label": "social_django",
        "model": "code"
    }
},
{
    "model": "contenttypes.contenttype",
    "pk": 17,
    "fields": {
        "app_label": "social_django",
        "model": "nonce"
    }
},
{
    "model": "contenttypes.contenttype",
    "pk": 18,
    "fields": {
        "app_label": "social_django",
        "model": "usersocialauth"
    }
},
{
    "model": "contenttypes.contenttype",
    "pk": 19,
    "fields": {
        "app_label": "social_django",
        "model": "partial"
    }
},
{
    "model": "contenttypes.contenttype",
    "pk": 20,
    "fields": {
        "app_label": "garpix_page",
        "model": "basepage"
    }
},
{
    "model": "contenttypes.contenttype",
    "pk": 21,
    "fields": {
        "app_label": "garpix_menu",
        "model": "menuitem"
    }
},
{
    "model": "contenttypes.contenttype",
    "pk": 22,
    "fields": {
        "app_label": "garpix_notify",
        "model": "notify"
    }
},
{
    "model": "contenttypes.contenttype",
    "pk": 23,
    "fields": {
        "app_label": "garpix_notify",
        "model": "notifycategory"
    }
},
{
    "model": "contenttypes.contenttype",
    "pk": 24,
    "fields": {
        "app_label": "garpix_notify",
        "model": "notifyconfig"
    }
},
{
    "model": "contenttypes.contenttype",
    "pk": 25,
    "fields": {
        "app_label": "garpix_notify",
        "model": "notifyerrorlog"
    }
},
{
    "model": "contenttypes.contenttype",
    "pk": 26,
    "fields": {
        "app_label": "garpix_notify",
        "model": "notifyfile"
    }
},
{
    "model": "contenttypes.contenttype",
    "pk": 27,
    "fields": {
        "app_label": "garpix_notify",
        "model": "notifytemplate"
    }
},
{
    "model": "contenttypes.contenttype",
    "pk": 28,
    "fields": {
        "app_label": "garpix_notify",
        "model": "notifyuserlist"
    }
},
{
    "model": "contenttypes.contenttype",
    "pk": 29,
    "fields": {
        "app_label": "garpix_notify",
        "model": "notifyuserlistparticipant"
    }
},
{
    "model": "contenttypes.contenttype",
    "pk": 30,
    "fields": {
        "app_label": "garpix_notify",
        "model": "notifydevice"
    }
},
{
    "model": "contenttypes.contenttype",
    "pk": 31,
    "fields": {
        "app_label": "garpix_notify",
        "model": "smtpaccount"
    }
},
{
    "model": "contenttypes.contenttype",
    "pk": 32,
    "fields": {
        "app_label": "garpixcms",
        "model": "page"
    }
},
{
    "model": "contenttypes.contenttype",
    "pk": 33,
    "fields": {
        "app_label": "user",
        "model": "user"
    }
},
{
    "model": "contenttypes.contenttype",
    "pk": 34,
    "fields": {
        "app_label": "miner",
        "model": "miner"
    }
},
{
    "model": "contenttypes.contenttype",
    "pk": 35,
    "fields": {
        "app_label": "miner",
        "model": "stats"
    }
},
{
    "model": "contenttypes.contenttype",
    "pk": 36,
    "fields": {
        "app_label": "garpix_auth",
        "model": "refreshtoken"
    }
},
{
    "model": "contenttypes.contenttype",
    "pk": 37,
    "fields": {
        "app_label": "garpix_auth",
        "model": "accesstoken"
    }
},
{
    "model": "sessions.session",
    "pk": "2mb2zlfe9xposqzgm1dx1mnzcbgip2e2",
    "fields": {
        "session_data": ".eJxVjEEOwiAQRe_C2hCHKQRcuvcMZJgBqRqalHbVeHdt0oVu_3vvbyrSutS49jzHUdRFGXX63RLxM7cdyIPafdI8tWUek94VfdCub5Pk1_Vw_w4q9fqt0Q7kIARJlMQQWC-OuDBz8m5AJsNYAnIAyODPFtgil2QdGpctonp_AP1qOCI:1n4Tv4:GUffO1JvakJRWD-s7pqJ5ACnv32k0zqIhcn5yTQBdKk",
        "expire_date": "2022-01-17T20:27:02.379Z"
    }
},
{
    "model": "sessions.session",
    "pk": "8f7a2ny9c5tfjzfll7xs8ndgi3dvj1yx",
    "fields": {
        "session_data": ".eJxVjDsOwjAQBe_iGlk28ZeSPmew1rsbHEC2FCcV4u4QKQW0b2beSyTY1pK2zkuaSVyEFqffLQM-uO6A7lBvTWKr6zJnuSvyoF2Ojfh5Pdy_gwK9fOvAzhrDnjFoP2FWEIK35JQ1BAhMymLMQ4xnwknZyNqxp2jRmCH7QOL9AfNROFA:1n41MU:7_31rnibElc2XaW9nDgX4-K7LoA0D1biUm-zgEIOdJk",
        "expire_date": "2022-01-16T13:57:26.356Z"
    }
},
{
    "model": "sessions.session",
    "pk": "cniwequqnj6urjb025zsztz1vup00oml",
    "fields": {
        "session_data": ".eJxVjEEOwiAQRe_C2hCHKQRcuvcMZJgBqRqalHbVeHdt0oVu_3vvbyrSutS49jzHUdRFGXX63RLxM7cdyIPafdI8tWUek94VfdCub5Pk1_Vw_w4q9fqt0Q7kIARJlMQQWC-OuDBz8m5AJsNYAnIAyODPFtgil2QdGpctonp_AP1qOCI:1n4UAy:WkwMeZis3cUJhbHPJ85qRoAOM5IAaHrgRB7mZ7qiNUM",
        "expire_date": "2022-01-17T20:43:28.140Z"
    }
},
{
    "model": "sessions.session",
    "pk": "ng8v43qdi95ytqhtjl6gj5hqhkwy97e7",
    "fields": {
        "session_data": ".eJxVjDsOwjAQBe_iGlk28ZeSPmew1rsbHEC2FCcV4u4QKQW0b2beSyTY1pK2zkuaSVyEFqffLQM-uO6A7lBvTWKr6zJnuSvyoF2Ojfh5Pdy_gwK9fOvAzhrDnjFoP2FWEIK35JQ1BAhMymLMQ4xnwknZyNqxp2jRmCH7QOL9AfNROFA:1n2vvd:xivw6xbR7W8YsH8jDf_T012KSyWbegARZnl-TMFNDYs",
        "expire_date": "2022-01-13T13:57:13.313Z"
    }
},
{
    "model": "sites.site",
    "pk": 1,
    "fields": {
        "domain": "example.com",
        "name": "example.com"
    }
},
{
    "model": "user.user",
    "pk": 1,
    "fields": {
        "password": "pbkdf2_sha256$216000$CNMOunomkDro$a0pVdfPODx2AxT8stjvuxtfDVowJR1g6UzKe57B2tgs=",
        "last_login": "2022-01-02T13:57:26.344Z",
        "is_superuser": true,
        "username": "admin",
        "first_name": "Vitaliy",
        "last_name": "",
        "email": "",
        "is_staff": true,
        "is_active": true,
        "date_joined": "2021-12-30T13:56:58Z",
        "phone": "",
        "telegram_chat_id": "",
        "telegram_secret": "c14ce2eb17ed4fd395e1f7f4d39fec63",
        "viber_chat_id": "",
        "viber_secret_key": "",
        "groups": [],
        "user_permissions": []
    }
},
{
    "model": "user.user",
    "pk": 2,
    "fields": {
        "password": "pbkdf2_sha256$216000$o5TakFo9LyiX$LLHSfi5hLIyE2VrrmeZkEi+TVPucCknLGIBkvm9vrOM=",
        "last_login": "2022-01-03T20:43:28.126Z",
        "is_superuser": true,
        "username": "zaika",
        "first_name": "",
        "last_name": "",
        "email": "",
        "is_staff": true,
        "is_active": true,
        "date_joined": "2022-01-03T20:17:17Z",
        "phone": "",
        "telegram_chat_id": "",
        "telegram_secret": "c0edc8ff798746589f6d0f94a4f3780c",
        "viber_chat_id": "",
        "viber_secret_key": "",
        "groups": [],
        "user_permissions": []
    }
},
{
    "model": "miner.miner",
    "pk": 1,
    "fields": {
        "title": "3060",
        "description": "",
        "owner": 1,
        "color": "",
        "server": "",
        "miner_worker": "0x84fc5E96354844f5f27095d0A2B22377B6f54975.3060",
        "bat": "",
        "created_at": "2022-01-03T19:48:21.235Z"
    }
},
{
    "model": "miner.miner",
    "pk": 2,
    "fields": {
        "title": "3070",
        "description": "",
        "owner": 1,
        "color": "",
        "server": "",
        "miner_worker": "0x84fc5E96354844f5f27095d0A2B22377B6f54975.3070",
        "bat": "",
        "created_at": "2022-01-03T19:48:31.327Z"
    }
},
{
    "model": "miner.miner",
    "pk": 3,
    "fields": {
        "title": "3080",
        "description": "",
        "owner": 1,
        "color": "",
        "server": "",
        "miner_worker": "0x84fc5E96354844f5f27095d0A2B22377B6f54975.3080",
        "bat": "",
        "created_at": "2022-01-03T19:48:40.499Z"
    }
},
{
    "model": "miner.miner",
    "pk": 4,
    "fields": {
        "title": "rtxn3060",
        "description": "",
        "owner": 2,
        "color": "",
        "server": "",
        "miner_worker": "0x84fc5E96354844f5f27095d0A2B22377B6f54975.rtxn3060",
        "bat": "",
        "created_at": "2022-01-03T20:19:54.119Z"
    }
},
{
    "model": "miner.miner",
    "pk": 5,
    "fields": {
        "title": "rtxz3060",
        "description": "",
        "owner": 2,
        "color": "",
        "server": "",
        "miner_worker": "0x84fc5E96354844f5f27095d0A2B22377B6f54975.rtxz3060",
        "bat": "",
        "created_at": "2022-01-03T20:23:24.638Z"
    }
},
{
    "model": "miner.stats",
    "pk": 1,
    "fields": {
        "miner": 1,
        "datetime": "2022-01-03T20:00:00Z",
        "electricity": 28.175,
        "speed": 43.43,
        "power": 95,
        "temperature": 57,
        "memory_clock": 8797,
        "core_clock": 1095,
        "pool_speed": 38.82,
        "server": "eu1.ethermine.org:4444",
        "shares_per_minute": 0.58,
        "accepted_shares": 10448,
        "invalid_shares": 0,
        "rejected_shares": 0,
        "stale_shares": 0,
        "uptime": 1083640,
        "miner_worker": "0x84fc5E96354844f5f27095d0A2B22377B6f54975.3060"
    }
},
{
    "model": "miner.stats",
    "pk": 2,
    "fields": {
        "miner": 3,
        "datetime": "2022-01-03T20:00:00Z",
        "electricity": 3.396,
        "speed": 71.55,
        "power": 115,
        "temperature": 56,
        "memory_clock": 9285,
        "core_clock": 1080,
        "pool_speed": 75.01,
        "server": "eu1.ethermine.org:4444",
        "shares_per_minute": 1.04,
        "accepted_shares": 1840,
        "invalid_shares": 0,
        "rejected_shares": 0,
        "stale_shares": 0,
        "uptime": 105947,
        "miner_worker": "0x84fc5E96354844f5f27095d0A2B22377B6f54975.3080"
    }
},
{
    "model": "miner.stats",
    "pk": 3,
    "fields": {
        "miner": 2,
        "datetime": "2022-01-03T20:00:00Z",
        "electricity": 14.799,
        "speed": 51.59,
        "power": 84,
        "temperature": 47,
        "memory_clock": 6699,
        "core_clock": 660,
        "pool_speed": 52.54,
        "server": "eu1.ethermine.org:4444",
        "shares_per_minute": 0.71,
        "accepted_shares": 7494,
        "invalid_shares": 0,
        "rejected_shares": 0,
        "stale_shares": 0,
        "uptime": 633391,
        "miner_worker": "0x84fc5E96354844f5f27095d0A2B22377B6f54975.3070"
    }
},
{
    "model": "miner.stats",
    "pk": 4,
    "fields": {
        "miner": 1,
        "datetime": "2022-01-03T20:05:00Z",
        "electricity": 28.177,
        "speed": 43.43,
        "power": 95,
        "temperature": 57,
        "memory_clock": 8797,
        "core_clock": 1095,
        "pool_speed": 38.87,
        "server": "eu1.ethermine.org:4444",
        "shares_per_minute": 0.58,
        "accepted_shares": 10449,
        "invalid_shares": 0,
        "rejected_shares": 0,
        "stale_shares": 0,
        "uptime": 1083709,
        "miner_worker": "0x84fc5E96354844f5f27095d0A2B22377B6f54975.3060"
    }
},
{
    "model": "miner.stats",
    "pk": 5,
    "fields": {
        "miner": 3,
        "datetime": "2022-01-03T20:05:00Z",
        "electricity": 3.398,
        "speed": 71.55,
        "power": 115,
        "temperature": 58,
        "memory_clock": 9285,
        "core_clock": 1080,
        "pool_speed": 75.11,
        "server": "eu1.ethermine.org:4444",
        "shares_per_minute": 1.04,
        "accepted_shares": 1842,
        "invalid_shares": 0,
        "rejected_shares": 0,
        "stale_shares": 0,
        "uptime": 106017,
        "miner_worker": "0x84fc5E96354844f5f27095d0A2B22377B6f54975.3080"
    }
},
{
    "model": "miner.stats",
    "pk": 6,
    "fields": {
        "miner": 2,
        "datetime": "2022-01-03T20:05:00Z",
        "electricity": 14.8,
        "speed": 51.59,
        "power": 84,
        "temperature": 47,
        "memory_clock": 6699,
        "core_clock": 660,
        "pool_speed": 52.54,
        "server": "eu1.ethermine.org:4444",
        "shares_per_minute": 0.71,
        "accepted_shares": 7494,
        "invalid_shares": 0,
        "rejected_shares": 0,
        "stale_shares": 0,
        "uptime": 633461,
        "miner_worker": "0x84fc5E96354844f5f27095d0A2B22377B6f54975.3070"
    }
},
{
    "model": "miner.stats",
    "pk": 7,
    "fields": {
        "miner": 1,
        "datetime": "2022-01-03T20:10:00Z",
        "electricity": 28.185,
        "speed": 43.43,
        "power": 95,
        "temperature": 57,
        "memory_clock": 8797,
        "core_clock": 1095,
        "pool_speed": 38.77,
        "server": "eu1.ethermine.org:4444",
        "shares_per_minute": 0.58,
        "accepted_shares": 10450,
        "invalid_shares": 0,
        "rejected_shares": 0,
        "stale_shares": 0,
        "uptime": 1084012,
        "miner_worker": "0x84fc5E96354844f5f27095d0A2B22377B6f54975.3060"
    }
},
{
    "model": "miner.stats",
    "pk": 8,
    "fields": {
        "miner": 3,
        "datetime": "2022-01-03T20:10:00Z",
        "electricity": 3.408,
        "speed": 71.55,
        "power": 115,
        "temperature": 56,
        "memory_clock": 9285,
        "core_clock": 1080,
        "pool_speed": 75.31,
        "server": "eu1.ethermine.org:4444",
        "shares_per_minute": 1.04,
        "accepted_shares": 1851,
        "invalid_shares": 0,
        "rejected_shares": 0,
        "stale_shares": 0,
        "uptime": 106320,
        "miner_worker": "0x84fc5E96354844f5f27095d0A2B22377B6f54975.3080"
    }
},
{
    "model": "miner.stats",
    "pk": 9,
    "fields": {
        "miner": 2,
        "datetime": "2022-01-03T20:10:00Z",
        "electricity": 14.807,
        "speed": 51.59,
        "power": 84,
        "temperature": 48,
        "memory_clock": 6699,
        "core_clock": 660,
        "pool_speed": 52.54,
        "server": "eu1.ethermine.org:4444",
        "shares_per_minute": 0.71,
        "accepted_shares": 7496,
        "invalid_shares": 0,
        "rejected_shares": 0,
        "stale_shares": 0,
        "uptime": 633764,
        "miner_worker": "0x84fc5E96354844f5f27095d0A2B22377B6f54975.3070"
    }
},
{
    "model": "miner.stats",
    "pk": 10,
    "fields": {
        "miner": 1,
        "datetime": "2022-01-03T20:15:00Z",
        "electricity": 28.193,
        "speed": 43.43,
        "power": 95,
        "temperature": 57,
        "memory_clock": 8797,
        "core_clock": 1095,
        "pool_speed": 38.87,
        "server": "eu1.ethermine.org:4444",
        "shares_per_minute": 0.58,
        "accepted_shares": 10453,
        "invalid_shares": 0,
        "rejected_shares": 0,
        "stale_shares": 0,
        "uptime": 1084316,
        "miner_worker": "0x84fc5E96354844f5f27095d0A2B22377B6f54975.3060"
    }
},
{
    "model": "miner.stats",
    "pk": 11,
    "fields": {
        "miner": 3,
        "datetime": "2022-01-03T20:15:00Z",
        "electricity": 3.418,
        "speed": 71.55,
        "power": 115,
        "temperature": 55,
        "memory_clock": 9285,
        "core_clock": 1080,
        "pool_speed": 75.21,
        "server": "eu1.ethermine.org:4444",
        "shares_per_minute": 1.04,
        "accepted_shares": 1857,
        "invalid_shares": 0,
        "rejected_shares": 0,
        "stale_shares": 0,
        "uptime": 106623,
        "miner_worker": "0x84fc5E96354844f5f27095d0A2B22377B6f54975.3080"
    }
},
{
    "model": "miner.stats",
    "pk": 12,
    "fields": {
        "miner": 2,
        "datetime": "2022-01-03T20:15:00Z",
        "electricity": 14.814,
        "speed": 51.59,
        "power": 84,
        "temperature": 48,
        "memory_clock": 6699,
        "core_clock": 660,
        "pool_speed": 52.49,
        "server": "eu1.ethermine.org:4444",
        "shares_per_minute": 0.71,
        "accepted_shares": 7499,
        "invalid_shares": 0,
        "rejected_shares": 0,
        "stale_shares": 0,
        "uptime": 634068,
        "miner_worker": "0x84fc5E96354844f5f27095d0A2B22377B6f54975.3070"
    }
},
{
    "model": "miner.stats",
    "pk": 13,
    "fields": {
        "miner": 1,
        "datetime": "2022-01-03T20:20:00Z",
        "electricity": 28.201,
        "speed": 43.43,
        "power": 95,
        "temperature": 57,
        "memory_clock": 8797,
        "core_clock": 1095,
        "pool_speed": 39.12,
        "server": "eu1.ethermine.org:4444",
        "shares_per_minute": 0.58,
        "accepted_shares": 10459,
        "invalid_shares": 0,
        "rejected_shares": 0,
        "stale_shares": 0,
        "uptime": 1084619,
        "miner_worker": "0x84fc5E96354844f5f27095d0A2B22377B6f54975.3060"
    }
},
{
    "model": "miner.stats",
    "pk": 14,
    "fields": {
        "miner": 3,
        "datetime": "2022-01-03T20:20:00Z",
        "electricity": 3.427,
        "speed": 71.55,
        "power": 115,
        "temperature": 57,
        "memory_clock": 9285,
        "core_clock": 1080,
        "pool_speed": 75.41,
        "server": "eu1.ethermine.org:4444",
        "shares_per_minute": 1.05,
        "accepted_shares": 1865,
        "invalid_shares": 0,
        "rejected_shares": 0,
        "stale_shares": 0,
        "uptime": 106927,
        "miner_worker": "0x84fc5E96354844f5f27095d0A2B22377B6f54975.3080"
    }
},
{
    "model": "miner.stats",
    "pk": 15,
    "fields": {
        "miner": 2,
        "datetime": "2022-01-03T20:20:00Z",
        "electricity": 14.822,
        "speed": 51.59,
        "power": 85,
        "temperature": 48,
        "memory_clock": 6699,
        "core_clock": 660,
        "pool_speed": 52.45,
        "server": "eu1.ethermine.org:4444",
        "shares_per_minute": 0.71,
        "accepted_shares": 7501,
        "invalid_shares": 0,
        "rejected_shares": 0,
        "stale_shares": 0,
        "uptime": 634371,
        "miner_worker": "0x84fc5E96354844f5f27095d0A2B22377B6f54975.3070"
    }
},
{
    "model": "miner.stats",
    "pk": 16,
    "fields": {
        "miner": 1,
        "datetime": "2022-01-03T20:25:00Z",
        "electricity": 28.209,
        "speed": 43.43,
        "power": 95,
        "temperature": 57,
        "memory_clock": 8797,
        "core_clock": 1095,
        "pool_speed": 39.07,
        "server": "eu1.ethermine.org:4444",
        "shares_per_minute": 0.58,
        "accepted_shares": 10460,
        "invalid_shares": 0,
        "rejected_shares": 0,
        "stale_shares": 0,
        "uptime": 1084922,
        "miner_worker": "0x84fc5E96354844f5f27095d0A2B22377B6f54975.3060"
    }
},
{
    "model": "miner.stats",
    "pk": 17,
    "fields": {
        "miner": 3,
        "datetime": "2022-01-03T20:25:00Z",
        "electricity": 3.437,
        "speed": 71.55,
        "power": 115,
        "temperature": 55,
        "memory_clock": 9285,
        "core_clock": 1080,
        "pool_speed": 75.21,
        "server": "eu1.ethermine.org:4444",
        "shares_per_minute": 1.05,
        "accepted_shares": 1871,
        "invalid_shares": 0,
        "rejected_shares": 0,
        "stale_shares": 0,
        "uptime": 107230,
        "miner_worker": "0x84fc5E96354844f5f27095d0A2B22377B6f54975.3080"
    }
},
{
    "model": "miner.stats",
    "pk": 18,
    "fields": {
        "miner": 2,
        "datetime": "2022-01-03T20:25:00Z",
        "electricity": 14.829,
        "speed": 51.59,
        "power": 85,
        "temperature": 48,
        "memory_clock": 6699,
        "core_clock": 660,
        "pool_speed": 52.54,
        "server": "eu1.ethermine.org:4444",
        "shares_per_minute": 0.71,
        "accepted_shares": 7505,
        "invalid_shares": 0,
        "rejected_shares": 0,
        "stale_shares": 0,
        "uptime": 634674,
        "miner_worker": "0x84fc5E96354844f5f27095d0A2B22377B6f54975.3070"
    }
},
{
    "model": "miner.stats",
    "pk": 19,
    "fields": {
        "miner": 1,
        "datetime": "2022-01-03T20:30:00Z",
        "electricity": 28.217,
        "speed": 43.43,
        "power": 95,
        "temperature": 57,
        "memory_clock": 8797,
        "core_clock": 1095,
        "pool_speed": 39.37,
        "server": "eu1.ethermine.org:4444",
        "shares_per_minute": 0.58,
        "accepted_shares": 10468,
        "invalid_shares": 0,
        "rejected_shares": 0,
        "stale_shares": 0,
        "uptime": 1085226,
        "miner_worker": "0x84fc5E96354844f5f27095d0A2B22377B6f54975.3060"
    }
},
{
    "model": "miner.stats",
    "pk": 20,
    "fields": {
        "miner": 3,
        "datetime": "2022-01-03T20:30:00Z",
        "electricity": 3.447,
        "speed": 71.55,
        "power": 115,
        "temperature": 58,
        "memory_clock": 9285,
        "core_clock": 1080,
        "pool_speed": 75.26,
        "server": "eu1.ethermine.org:4444",
        "shares_per_minute": 1.05,
        "accepted_shares": 1876,
        "invalid_shares": 0,
        "rejected_shares": 0,
        "stale_shares": 0,
        "uptime": 107533,
        "miner_worker": "0x84fc5E96354844f5f27095d0A2B22377B6f54975.3080"
    }
},
{
    "model": "miner.stats",
    "pk": 21,
    "fields": {
        "miner": 2,
        "datetime": "2022-01-03T20:30:00Z",
        "electricity": 14.836,
        "speed": 51.59,
        "power": 84,
        "temperature": 48,
        "memory_clock": 6699,
        "core_clock": 660,
        "pool_speed": 52.64,
        "server": "eu1.ethermine.org:4444",
        "shares_per_minute": 0.71,
        "accepted_shares": 7511,
        "invalid_shares": 0,
        "rejected_shares": 0,
        "stale_shares": 0,
        "uptime": 634977,
        "miner_worker": "0x84fc5E96354844f5f27095d0A2B22377B6f54975.3070"
    }
},
{
    "model": "miner.stats",
    "pk": 22,
    "fields": {
        "miner": 1,
        "datetime": "2022-01-03T20:35:00Z",
        "electricity": 28.225,
        "speed": 43.43,
        "power": 95,
        "temperature": 57,
        "memory_clock": 8797,
        "core_clock": 1095,
        "pool_speed": 39.32,
        "server": "eu1.ethermine.org:4444",
        "shares_per_minute": 0.58,
        "accepted_shares": 10471,
        "invalid_shares": 0,
        "rejected_shares": 0,
        "stale_shares": 0,
        "uptime": 1085529,
        "miner_worker": "0x84fc5E96354844f5f27095d0A2B22377B6f54975.3060"
    }
},
{
    "model": "miner.stats",
    "pk": 23,
    "fields": {
        "miner": 3,
        "datetime": "2022-01-03T20:35:00Z",
        "electricity": 3.457,
        "speed": 71.55,
        "power": 115,
        "temperature": 56,
        "memory_clock": 9285,
        "core_clock": 1080,
        "pool_speed": 74.91,
        "server": "eu1.ethermine.org:4444",
        "shares_per_minute": 1.05,
        "accepted_shares": 1879,
        "invalid_shares": 0,
        "rejected_shares": 0,
        "stale_shares": 0,
        "uptime": 107837,
        "miner_worker": "0x84fc5E96354844f5f27095d0A2B22377B6f54975.3080"
    }
},
{
    "model": "miner.stats",
    "pk": 24,
    "fields": {
        "miner": 2,
        "datetime": "2022-01-03T20:35:00Z",
        "electricity": 14.843,
        "speed": 51.59,
        "power": 84,
        "temperature": 48,
        "memory_clock": 6699,
        "core_clock": 660,
        "pool_speed": 52.4,
        "server": "eu1.ethermine.org:4444",
        "shares_per_minute": 0.71,
        "accepted_shares": 7512,
        "invalid_shares": 0,
        "rejected_shares": 0,
        "stale_shares": 0,
        "uptime": 635281,
        "miner_worker": "0x84fc5E96354844f5f27095d0A2B22377B6f54975.3070"
    }
},
{
    "model": "miner.stats",
    "pk": 25,
    "fields": {
        "miner": 5,
        "datetime": "2022-01-03T20:35:00Z",
        "electricity": 13.421,
        "speed": 41.56,
        "power": 95,
        "temperature": 55,
        "memory_clock": 8656,
        "core_clock": 870,
        "pool_speed": 42.92,
        "server": "eth.2miners.com:2020",
        "shares_per_minute": 0.29,
        "accepted_shares": 2450,
        "invalid_shares": 0,
        "rejected_shares": 0,
        "stale_shares": 0,
        "uptime": 508645,
        "miner_worker": "0x84fc5E96354844f5f27095d0A2B22377B6f54975.rtxz3060"
    }
},
{
    "model": "miner.stats",
    "pk": 26,
    "fields": {
        "miner": 4,
        "datetime": "2022-01-03T20:35:00Z",
        "electricity": 4.596,
        "speed": 43.41,
        "power": 95,
        "temperature": 59,
        "memory_clock": 8835,
        "core_clock": 915,
        "pool_speed": 44.84,
        "server": "eth.2miners.com:2020",
        "shares_per_minute": 0.3,
        "accepted_shares": 883,
        "invalid_shares": 0,
        "rejected_shares": 0,
        "stale_shares": 0,
        "uptime": 174353,
        "miner_worker": "0x84fc5E96354844f5f27095d0A2B22377B6f54975.rtxn3060"
    }
},
{
    "model": "miner.stats",
    "pk": 27,
    "fields": {
        "miner": 1,
        "datetime": "2022-01-03T20:40:00Z",
        "electricity": 28.233,
        "speed": 43.43,
        "power": 95,
        "temperature": 57,
        "memory_clock": 8797,
        "core_clock": 1095,
        "pool_speed": 39.42,
        "server": "eu1.ethermine.org:4444",
        "shares_per_minute": 0.58,
        "accepted_shares": 10476,
        "invalid_shares": 0,
        "rejected_shares": 0,
        "stale_shares": 0,
        "uptime": 1085832,
        "miner_worker": "0x84fc5E96354844f5f27095d0A2B22377B6f54975.3060"
    }
},
{
    "model": "miner.stats",
    "pk": 28,
    "fields": {
        "miner": 3,
        "datetime": "2022-01-03T20:40:00Z",
        "electricity": 3.466,
        "speed": 71.55,
        "power": 115,
        "temperature": 55,
        "memory_clock": 9285,
        "core_clock": 1080,
        "pool_speed": 74.86,
        "server": "eu1.ethermine.org:4444",
        "shares_per_minute": 1.04,
        "accepted_shares": 1882,
        "invalid_shares": 0,
        "rejected_shares": 0,
        "stale_shares": 0,
        "uptime": 108140,
        "miner_worker": "0x84fc5E96354844f5f27095d0A2B22377B6f54975.3080"
    }
},
{
    "model": "miner.stats",
    "pk": 29,
    "fields": {
        "miner": 2,
        "datetime": "2022-01-03T20:40:00Z",
        "electricity": 14.85,
        "speed": 51.59,
        "power": 84,
        "temperature": 47,
        "memory_clock": 6699,
        "core_clock": 660,
        "pool_speed": 52.4,
        "server": "eu1.ethermine.org:4444",
        "shares_per_minute": 0.71,
        "accepted_shares": 7516,
        "invalid_shares": 0,
        "rejected_shares": 0,
        "stale_shares": 0,
        "uptime": 635584,
        "miner_worker": "0x84fc5E96354844f5f27095d0A2B22377B6f54975.3070"
    }
},
{
    "model": "miner.stats",
    "pk": 30,
    "fields": {
        "miner": 5,
        "datetime": "2022-01-03T20:40:00Z",
        "electricity": 13.429,
        "speed": 41.49,
        "power": 95,
        "temperature": 55,
        "memory_clock": 8656,
        "core_clock": 885,
        "pool_speed": 42.92,
        "server": "eth.2miners.com:2020",
        "shares_per_minute": 0.29,
        "accepted_shares": 2452,
        "invalid_shares": 0,
        "rejected_shares": 0,
        "stale_shares": 0,
        "uptime": 508947,
        "miner_worker": "0x84fc5E96354844f5f27095d0A2B22377B6f54975.rtxz3060"
    }
},
{
    "model": "miner.stats",
    "pk": 31,
    "fields": {
        "miner": 4,
        "datetime": "2022-01-03T20:40:00Z",
        "electricity": 4.604,
        "speed": 43.42,
        "power": 95,
        "temperature": 59,
        "memory_clock": 8835,
        "core_clock": 907,
        "pool_speed": 45.05,
        "server": "eth.2miners.com:2020",
        "shares_per_minute": 0.3,
        "accepted_shares": 887,
        "invalid_shares": 0,
        "rejected_shares": 0,
        "stale_shares": 0,
        "uptime": 174655,
        "miner_worker": "0x84fc5E96354844f5f27095d0A2B22377B6f54975.rtxn3060"
    }
},
{
    "model": "miner.stats",
    "pk": 32,
    "fields": {
        "miner": 1,
        "datetime": "2022-01-03T20:45:00Z",
        "electricity": 28.241,
        "speed": 43.43,
        "power": 95,
        "temperature": 56,
        "memory_clock": 8797,
        "core_clock": 1095,
        "pool_speed": 39.47,
        "server": "eu1.ethermine.org:4444",
        "shares_per_minute": 0.58,
        "accepted_shares": 10479,
        "invalid_shares": 0,
        "rejected_shares": 0,
        "stale_shares": 0,
        "uptime": 1086136,
        "miner_worker": "0x84fc5E96354844f5f27095d0A2B22377B6f54975.3060"
    }
},
{
    "model": "miner.stats",
    "pk": 33,
    "fields": {
        "miner": 3,
        "datetime": "2022-01-03T20:45:00Z",
        "electricity": 3.476,
        "speed": 71.55,
        "power": 115,
        "temperature": 57,
        "memory_clock": 9285,
        "core_clock": 1080,
        "pool_speed": 74.96,
        "server": "eu1.ethermine.org:4444",
        "shares_per_minute": 1.04,
        "accepted_shares": 1888,
        "invalid_shares": 0,
        "rejected_shares": 0,
        "stale_shares": 0,
        "uptime": 108443,
        "miner_worker": "0x84fc5E96354844f5f27095d0A2B22377B6f54975.3080"
    }
},
{
    "model": "miner.stats",
    "pk": 34,
    "fields": {
        "miner": 2,
        "datetime": "2022-01-03T20:45:00Z",
        "electricity": 14.857,
        "speed": 51.59,
        "power": 84,
        "temperature": 47,
        "memory_clock": 6699,
        "core_clock": 660,
        "pool_speed": 52.4,
        "server": "eu1.ethermine.org:4444",
        "shares_per_minute": 0.71,
        "accepted_shares": 7521,
        "invalid_shares": 0,
        "rejected_shares": 0,
        "stale_shares": 0,
        "uptime": 635887,
        "miner_worker": "0x84fc5E96354844f5f27095d0A2B22377B6f54975.3070"
    }
},
{
    "model": "miner.stats",
    "pk": 35,
    "fields": {
        "miner": 5,
        "datetime": "2022-01-03T20:45:00Z",
        "electricity": 13.437,
        "speed": 41.58,
        "power": 95,
        "temperature": 55,
        "memory_clock": 8656,
        "core_clock": 877,
        "pool_speed": 43.23,
        "server": "eth.2miners.com:2020",
        "shares_per_minute": 0.29,
        "accepted_shares": 2456,
        "invalid_shares": 0,
        "rejected_shares": 0,
        "stale_shares": 0,
        "uptime": 509250,
        "miner_worker": "0x84fc5E96354844f5f27095d0A2B22377B6f54975.rtxz3060"
    }
},
{
    "model": "miner.stats",
    "pk": 36,
    "fields": {
        "miner": 4,
        "datetime": "2022-01-03T20:45:00Z",
        "electricity": 4.612,
        "speed": 43.42,
        "power": 95,
        "temperature": 59,
        "memory_clock": 8835,
        "core_clock": 922,
        "pool_speed": 45.25,
        "server": "eth.2miners.com:2020",
        "shares_per_minute": 0.31,
        "accepted_shares": 890,
        "invalid_shares": 0,
        "rejected_shares": 0,
        "stale_shares": 0,
        "uptime": 174958,
        "miner_worker": "0x84fc5E96354844f5f27095d0A2B22377B6f54975.rtxn3060"
    }
},
{
    "model": "miner.stats",
    "pk": 37,
    "fields": {
        "miner": 1,
        "datetime": "2022-01-03T20:50:00Z",
        "electricity": 28.249,
        "speed": 43.43,
        "power": 95,
        "temperature": 56,
        "memory_clock": 8797,
        "core_clock": 1095,
        "pool_speed": 39.42,
        "server": "eu1.ethermine.org:4444",
        "shares_per_minute": 0.58,
        "accepted_shares": 10483,
        "invalid_shares": 0,
        "rejected_shares": 0,
        "stale_shares": 0,
        "uptime": 1086439,
        "miner_worker": "0x84fc5E96354844f5f27095d0A2B22377B6f54975.3060"
    }
},
{
    "model": "miner.stats",
    "pk": 38,
    "fields": {
        "miner": 3,
        "datetime": "2022-01-03T20:50:00Z",
        "electricity": 3.486,
        "speed": 71.55,
        "power": 115,
        "temperature": 57,
        "memory_clock": 9285,
        "core_clock": 1080,
        "pool_speed": 74.96,
        "server": "eu1.ethermine.org:4444",
        "shares_per_minute": 1.04,
        "accepted_shares": 1891,
        "invalid_shares": 0,
        "rejected_shares": 0,
        "stale_shares": 0,
        "uptime": 108747,
        "miner_worker": "0x84fc5E96354844f5f27095d0A2B22377B6f54975.3080"
    }
},
{
    "model": "miner.stats",
    "pk": 39,
    "fields": {
        "miner": 2,
        "datetime": "2022-01-03T20:50:00Z",
        "electricity": 14.864,
        "speed": 51.59,
        "power": 84,
        "temperature": 47,
        "memory_clock": 6699,
        "core_clock": 660,
        "pool_speed": 52.35,
        "server": "eu1.ethermine.org:4444",
        "shares_per_minute": 0.71,
        "accepted_shares": 7521,
        "invalid_shares": 0,
        "rejected_shares": 0,
        "stale_shares": 0,
        "uptime": 636191,
        "miner_worker": "0x84fc5E96354844f5f27095d0A2B22377B6f54975.3070"
    }
},
{
    "model": "miner.stats",
    "pk": 40,
    "fields": {
        "miner": 5,
        "datetime": "2022-01-03T20:50:00Z",
        "electricity": 13.445,
        "speed": 41.64,
        "power": 95,
        "temperature": 55,
        "memory_clock": 8656,
        "core_clock": 877,
        "pool_speed": 43.33,
        "server": "eth.2miners.com:2020",
        "shares_per_minute": 0.29,
        "accepted_shares": 2458,
        "invalid_shares": 0,
        "rejected_shares": 0,
        "stale_shares": 0,
        "uptime": 509552,
        "miner_worker": "0x84fc5E96354844f5f27095d0A2B22377B6f54975.rtxz3060"
    }
},
{
    "model": "miner.stats",
    "pk": 41,
    "fields": {
        "miner": 4,
        "datetime": "2022-01-03T20:50:00Z",
        "electricity": 4.62,
        "speed": 43.44,
        "power": 95,
        "temperature": 59,
        "memory_clock": 8835,
        "core_clock": 915,
        "pool_speed": 45.05,
        "server": "eth.2miners.com:2020",
        "shares_per_minute": 0.31,
        "accepted_shares": 891,
        "invalid_shares": 0,
        "rejected_shares": 0,
        "stale_shares": 0,
        "uptime": 175260,
        "miner_worker": "0x84fc5E96354844f5f27095d0A2B22377B6f54975.rtxn3060"
    }
},
{
    "model": "miner.stats",
    "pk": 42,
    "fields": {
        "miner": 1,
        "datetime": "2022-01-03T20:55:00Z",
        "electricity": 28.257,
        "speed": 43.43,
        "power": 95,
        "temperature": 57,
        "memory_clock": 8797,
        "core_clock": 1095,
        "pool_speed": 39.32,
        "server": "eu1.ethermine.org:4444",
        "shares_per_minute": 0.58,
        "accepted_shares": 10485,
        "invalid_shares": 0,
        "rejected_shares": 0,
        "stale_shares": 0,
        "uptime": 1086742,
        "miner_worker": "0x84fc5E96354844f5f27095d0A2B22377B6f54975.3060"
    }
},
{
    "model": "miner.stats",
    "pk": 43,
    "fields": {
        "miner": 3,
        "datetime": "2022-01-03T20:55:00Z",
        "electricity": 3.495,
        "speed": 71.55,
        "power": 115,
        "temperature": 56,
        "memory_clock": 9285,
        "core_clock": 1080,
        "pool_speed": 74.91,
        "server": "eu1.ethermine.org:4444",
        "shares_per_minute": 1.04,
        "accepted_shares": 1897,
        "invalid_shares": 0,
        "rejected_shares": 0,
        "stale_shares": 0,
        "uptime": 109050,
        "miner_worker": "0x84fc5E96354844f5f27095d0A2B22377B6f54975.3080"
    }
},
{
    "model": "miner.stats",
    "pk": 44,
    "fields": {
        "miner": 2,
        "datetime": "2022-01-03T20:55:00Z",
        "electricity": 14.871,
        "speed": 51.59,
        "power": 84,
        "temperature": 47,
        "memory_clock": 6699,
        "core_clock": 660,
        "pool_speed": 52.3,
        "server": "eu1.ethermine.org:4444",
        "shares_per_minute": 0.71,
        "accepted_shares": 7525,
        "invalid_shares": 0,
        "rejected_shares": 0,
        "stale_shares": 0,
        "uptime": 636494,
        "miner_worker": "0x84fc5E96354844f5f27095d0A2B22377B6f54975.3070"
    }
},
{
    "model": "miner.stats",
    "pk": 45,
    "fields": {
        "miner": 5,
        "datetime": "2022-01-03T20:55:00Z",
        "electricity": 13.453,
        "speed": 41.57,
        "power": 95,
        "temperature": 55,
        "memory_clock": 8656,
        "core_clock": 877,
        "pool_speed": 43.13,
        "server": "eth.2miners.com:2020",
        "shares_per_minute": 0.29,
        "accepted_shares": 2459,
        "invalid_shares": 0,
        "rejected_shares": 0,
        "stale_shares": 0,
        "uptime": 509854,
        "miner_worker": "0x84fc5E96354844f5f27095d0A2B22377B6f54975.rtxz3060"
    }
},
{
    "model": "miner.stats",
    "pk": 46,
    "fields": {
        "miner": 4,
        "datetime": "2022-01-03T20:55:00Z",
        "electricity": 4.628,
        "speed": 43.5,
        "power": 95,
        "temperature": 59,
        "memory_clock": 8835,
        "core_clock": 922,
        "pool_speed": 44.94,
        "server": "eth.2miners.com:2020",
        "shares_per_minute": 0.3,
        "accepted_shares": 891,
        "invalid_shares": 0,
        "rejected_shares": 0,
        "stale_shares": 0,
        "uptime": 175562,
        "miner_worker": "0x84fc5E96354844f5f27095d0A2B22377B6f54975.rtxn3060"
    }
},
{
    "model": "miner.stats",
    "pk": 47,
    "fields": {
        "miner": 1,
        "datetime": "2022-01-03T21:00:00Z",
        "electricity": 28.265,
        "speed": 43.43,
        "power": 95,
        "temperature": 57,
        "memory_clock": 8797,
        "core_clock": 1095,
        "pool_speed": 39.32,
        "server": "eu1.ethermine.org:4444",
        "shares_per_minute": 0.58,
        "accepted_shares": 10489,
        "invalid_shares": 0,
        "rejected_shares": 0,
        "stale_shares": 0,
        "uptime": 1087046,
        "miner_worker": "0x84fc5E96354844f5f27095d0A2B22377B6f54975.3060"
    }
},
{
    "model": "miner.stats",
    "pk": 48,
    "fields": {
        "miner": 3,
        "datetime": "2022-01-03T21:00:00Z",
        "electricity": 3.505,
        "speed": 71.55,
        "power": 115,
        "temperature": 55,
        "memory_clock": 9285,
        "core_clock": 1080,
        "pool_speed": 74.91,
        "server": "eu1.ethermine.org:4444",
        "shares_per_minute": 1.04,
        "accepted_shares": 1901,
        "invalid_shares": 0,
        "rejected_shares": 0,
        "stale_shares": 0,
        "uptime": 109353,
        "miner_worker": "0x84fc5E96354844f5f27095d0A2B22377B6f54975.3080"
    }
},
{
    "model": "miner.stats",
    "pk": 49,
    "fields": {
        "miner": 2,
        "datetime": "2022-01-03T21:00:00Z",
        "electricity": 14.878,
        "speed": 51.59,
        "power": 84,
        "temperature": 47,
        "memory_clock": 6699,
        "core_clock": 660,
        "pool_speed": 52.2,
        "server": "eu1.ethermine.org:4444",
        "shares_per_minute": 0.71,
        "accepted_shares": 7526,
        "invalid_shares": 0,
        "rejected_shares": 0,
        "stale_shares": 0,
        "uptime": 636797,
        "miner_worker": "0x84fc5E96354844f5f27095d0A2B22377B6f54975.3070"
    }
},
{
    "model": "garpix_auth.refreshtoken",
    "pk": "1deb34e94843ae2111966a109ede7c51cb2eff1e",
    "fields": {
        "user": 1,
        "created": "2021-12-30T13:58:23.268Z"
    }
},
{
    "model": "garpix_auth.accesstoken",
    "pk": "0ce6cac724ed2ec36914094190b090630989fb0a",
    "fields": {
        "user": 1,
        "created": "2021-12-30T13:58:23.256Z"
    }
},
{
    "model": "garpix_auth.accesstoken",
    "pk": "fd0ea523a00b7e4cad560938927b145077e4792c",
    "fields": {
        "user": 2,
        "created": "2022-01-03T20:32:36.708Z"
    }
}
]
